name,gender,probability
john,male,0.9999996989338038
amy,female,0.9485287387459201
marnie,female,0.9881536762233959
ellis,male,0.8952970936462694
evan,male,0.9994950832555073
isla,female,0.9999976632852895
lainie,female,0.9993506540810758
