name,gender,probability
john,male,0.9999996043985366
amy,female,0.8366043005571547
marnie,female,0.9918753931006324
ellis,male,0.8209855042671644
evan,male,0.9976590437348707
isla,female,0.9999955514306774
