name,gender,probability
youxun,male,0.999999422015434
harini,female,0.9919261272615632
infant,male,0.9987550781487257
gaurav,male,0.9999984771573845
yinping,male,0.9999983214821843
sriannapurna,female,0.9999839597671595
